-- phpMyAdmin SQL Dump
-- version 4.7.4
-- https://www.phpmyadmin.net/
--
-- Servidor: 127.0.0.1
-- Tiempo de generación: 28-07-2018 a las 20:07:35
-- Versión del servidor: 10.1.28-MariaDB
-- Versión de PHP: 7.1.11

SET SQL_MODE = "NO_AUTO_VALUE_ON_ZERO";
SET AUTOCOMMIT = 0;
START TRANSACTION;
SET time_zone = "+00:00";


/*!40101 SET @OLD_CHARACTER_SET_CLIENT=@@CHARACTER_SET_CLIENT */;
/*!40101 SET @OLD_CHARACTER_SET_RESULTS=@@CHARACTER_SET_RESULTS */;
/*!40101 SET @OLD_COLLATION_CONNECTION=@@COLLATION_CONNECTION */;
/*!40101 SET NAMES utf8mb4 */;

--
-- Base de datos: `sae`
--

-- --------------------------------------------------------

--
-- Estructura de tabla para la tabla `citas`
--

CREATE TABLE `citas` (
  `id_ci` int(11) NOT NULL,
  `rut_usu` varchar(12) COLLATE utf8_spanish_ci NOT NULL,
  `rut_estu` varchar(12) COLLATE utf8_spanish_ci NOT NULL,
  `id_mot` int(11) NOT NULL,
  `fecha_ini` datetime NOT NULL,
  `fecha_ter` datetime NOT NULL,
  `id_suc` int(11) NOT NULL
) ENGINE=InnoDB DEFAULT CHARSET=utf8 COLLATE=utf8_spanish_ci;

--
-- Volcado de datos para la tabla `citas`
--

INSERT INTO `citas` (`id_ci`, `rut_usu`, `rut_estu`, `id_mot`, `fecha_ini`, `fecha_ter`, `id_suc`) VALUES
(18, '17.811.942-4', '13.350.192-4', 1, '2017-11-03 14:30:00', '2017-11-03 14:50:00', 17),
(19, '17.811.942-4', '13.954.349-1', 3, '2017-11-03 14:50:00', '2017-11-03 15:10:00', 17),
(20, '17.657.867-4', '17.344.472-9', 4, '2017-11-03 14:30:00', '2017-11-03 14:50:00', 17),
(21, '17.811.942-4', '17.843.575-2', 4, '2017-11-03 13:30:00', '2017-11-03 13:50:00', 17),
(22, '17.657.867-4', '14.210.192-0', 3, '2017-11-03 13:50:00', '2017-11-03 14:10:00', 17),
(23, '17.657.867-4', '13.954.349-1', 1, '2017-11-03 14:50:00', '2017-11-03 15:10:00', 17),
(24, '17.822.768-4', '17.843.575-2', 1, '2017-11-07 17:30:00', '2017-11-07 17:50:00', 10),
(25, '17.822.768-4', '17.344.472-9', 4, '2017-11-07 17:50:00', '2017-11-07 18:10:00', 10),
(26, '17.657.867-4', '15.910.932-1', 1, '2017-11-24 14:50:00', '2017-11-24 15:10:00', 17),
(27, '17.657.867-4', '17.843.575-2', 2, '2017-11-08 17:30:00', '2017-11-08 17:50:00', 17),
(28, '17.811.942-4', '14.211.127-6', 3, '2017-11-17 14:30:00', '2017-11-17 14:50:00', 17),
(29, '17.811.942-4', '16.038.414-k', 2, '2017-11-17 14:50:00', '2017-11-17 15:10:00', 17),
(30, '17.657.867-4', '17.344.472-9', 1, '2017-11-17 14:30:00', '2017-11-17 14:50:00', 17),
(31, '17.822.768-4', '13.350.192-4', 1, '2017-12-15 14:30:00', '2017-12-15 14:50:00', 10),
(32, '17.822.768-4', '14.211.127-6', 4, '2017-12-15 16:00:00', '2017-12-15 16:20:00', 10),
(33, '17.811.942-4', '13.350.192-4', 3, '2018-07-27 15:00:00', '2018-07-27 15:20:00', 17);

-- --------------------------------------------------------

--
-- Estructura de tabla para la tabla `estudiantes`
--

CREATE TABLE `estudiantes` (
  `rut_estu` varchar(12) COLLATE utf8_spanish_ci NOT NULL,
  `pnombre` varchar(20) COLLATE utf8_spanish_ci NOT NULL,
  `snombre` varchar(20) COLLATE utf8_spanish_ci NOT NULL,
  `apellido_pa` varchar(20) COLLATE utf8_spanish_ci NOT NULL,
  `apellido_ma` varchar(20) COLLATE utf8_spanish_ci NOT NULL,
  `fono_estu` int(11) NOT NULL,
  `correo_estu` varchar(40) COLLATE utf8_spanish_ci NOT NULL
) ENGINE=InnoDB DEFAULT CHARSET=utf8 COLLATE=utf8_spanish_ci;

--
-- Volcado de datos para la tabla `estudiantes`
--

INSERT INTO `estudiantes` (`rut_estu`, `pnombre`, `snombre`, `apellido_pa`, `apellido_ma`, `fono_estu`, `correo_estu`) VALUES
('13.350.192-4', 'Juan', 'Francisco', 'Bravo', 'Bustamante', 97795276, 'fbravo78@gmail.com'),
('13.954.349-1', 'Christian', 'Alejandro', 'Vergara', 'Farfal', 92403419, 'tusy3@hotmail.es'),
('14.074.571-1', 'Jimmy', 'Daniel', 'Obreque', 'Cid', 67768623, 'jotaobreque@hotmail.cl'),
('14.210.192-0', 'Priscila', 'Soledad', 'Maricic', 'Olivera', 4197446, 'maricicpriscila@gmail.com'),
('14.211.127-6', 'Juan', 'Hernan', 'Garcia', 'Saez', 675694070, 'jgraciasaez@gmail.com'),
('15.087.536-6', 'Felipe', 'Israel', 'Olave', 'Rocuant', 7996145, 'f.olave@gmail.com'),
('15.910.932-1', 'Anibal', 'Gonzalo', 'Zapata', 'Contreras', 9865442, 'anibalgzc@gmail.com'),
('16.038.414-k', 'Reinaldo', 'Alfonso', 'Rebolledo', 'Bastias', 96442341, 'reinaldoarb85@hotmail.com'),
('17.344.472-9', 'Manuel', 'Alejandro', 'Sepulveda', 'Olsen', 978921119, 'mdrack@gmail.com'),
('17.540.933-5', 'Carlos', 'Gabriel', 'Flores', 'Vergara', 7142441, 'gabriel.floresvergara@gmail.com'),
('17.843.575-2', 'Sergio', 'Ahilton', 'Torres', 'Badilla', 96841650, 'sergiotorresba@gmail.com');

-- --------------------------------------------------------

--
-- Estructura de tabla para la tabla `horario`
--

CREATE TABLE `horario` (
  `id_hr` int(11) NOT NULL,
  `rut_usu` varchar(12) COLLATE utf8_spanish_ci NOT NULL,
  `fecha_registro` datetime NOT NULL,
  `hrs_ini` time DEFAULT NULL,
  `hrs_ter` time DEFAULT NULL,
  `lunes` varchar(22) COLLATE utf8_spanish_ci DEFAULT NULL,
  `martes` varchar(22) COLLATE utf8_spanish_ci DEFAULT NULL,
  `miercoles` varchar(22) COLLATE utf8_spanish_ci DEFAULT NULL,
  `jueves` varchar(22) COLLATE utf8_spanish_ci DEFAULT NULL,
  `viernes` varchar(22) COLLATE utf8_spanish_ci DEFAULT NULL,
  `sabado` varchar(22) COLLATE utf8_spanish_ci DEFAULT NULL,
  `fecha_ini` date NOT NULL,
  `fecha_ter` date NOT NULL
) ENGINE=InnoDB DEFAULT CHARSET=utf8 COLLATE=utf8_spanish_ci;

--
-- Volcado de datos para la tabla `horario`
--

INSERT INTO `horario` (`id_hr`, `rut_usu`, `fecha_registro`, `hrs_ini`, `hrs_ter`, `lunes`, `martes`, `miercoles`, `jueves`, `viernes`, `sabado`, `fecha_ini`, `fecha_ter`) VALUES
(831, '17.811.942-4', '2017-11-10 11:49:11', '08:30:00', '09:30:00', '', '', '', '', '', '', '2017-08-01', '2017-12-31'),
(832, '17.811.942-4', '2017-11-10 11:49:11', '09:30:00', '10:30:00', '', '', '', '', '', '', '2017-08-01', '2017-12-31'),
(833, '17.811.942-4', '2017-11-10 11:49:11', '10:30:00', '11:30:00', '', '', '', '', 'OFICINA', '', '2017-08-01', '2017-12-31'),
(834, '17.811.942-4', '2017-11-10 11:49:11', '11:30:00', '12:30:00', '', '', '', '', 'OFICINA', '', '2017-08-01', '2017-12-31'),
(835, '17.811.942-4', '2017-11-10 11:49:11', '12:30:00', '13:30:00', '', '', '', '', 'OFICINA', '', '2017-08-01', '2017-12-31'),
(836, '17.811.942-4', '2017-11-10 11:49:11', '13:30:00', '14:30:00', '', '', '', '', 'OFICINA', '', '2017-08-01', '2017-12-31'),
(837, '17.811.942-4', '2017-11-10 11:49:11', '14:30:00', '15:30:00', '', 'OFICINA', 'OFICINA', '', 'ATTE. ESTUDIANTES', '', '2017-08-01', '2017-12-31'),
(838, '17.811.942-4', '2017-11-10 11:49:11', '15:30:00', '16:30:00', 'ATTE. ESTUDIANTES', 'OFICINA', 'OFICINA', 'OFICINA', 'ATTE. ESTUDIANTES', '', '2017-08-01', '2017-12-31'),
(839, '17.811.942-4', '2017-11-10 11:49:11', '16:30:00', '17:30:00', 'ATTE. ESTUDIANTES', 'OFICINA', 'OFICINA', 'OFICINA', '', '', '2017-08-01', '2017-12-31'),
(840, '17.811.942-4', '2017-11-10 11:49:11', '17:30:00', '18:30:00', 'OFICINA', 'ATTE. ESTUDIANTES', 'ATTE. ESTUDIANTES', 'OFICINA', '', '', '2017-08-01', '2017-12-31'),
(841, '17.811.942-4', '2017-11-10 11:49:11', '18:30:00', '19:30:00', 'OFICINA', 'ATTE. ESTUDIANTES', 'ATTE. ESTUDIANTES', '', '', '', '2017-08-01', '2017-12-31'),
(842, '17.811.942-4', '2017-11-10 11:49:11', '19:30:00', '20:30:00', 'OFICINA', '', '', '', '', '', '2017-08-01', '2017-12-31'),
(843, '17.811.942-4', '2017-11-10 11:49:11', '20:30:00', '21:30:00', '', '', '', '', '', '', '2017-08-01', '2017-12-31'),
(844, '17.811.942-4', '2017-11-10 11:49:11', '21:30:00', '22:30:00', '', '', '', '', '', '', '2017-08-01', '2017-12-31'),
(845, '17.811.942-4', '2017-11-10 11:50:17', '08:30:00', '09:30:00', '', '', '', '', '', '', '2017-08-01', '2017-12-31'),
(846, '17.811.942-4', '2017-11-10 11:50:17', '09:30:00', '10:30:00', '', '', '', '', '', '', '2017-08-01', '2017-12-31'),
(847, '17.811.942-4', '2017-11-10 11:50:17', '10:30:00', '11:30:00', '', '', '', '', 'OFICINA', '', '2017-08-01', '2017-12-31'),
(848, '17.811.942-4', '2017-11-10 11:50:17', '11:30:00', '12:30:00', '', '', '', '', 'OFICINA', '', '2017-08-01', '2017-12-31'),
(849, '17.811.942-4', '2017-11-10 11:50:17', '12:30:00', '13:30:00', '', '', '', '', 'OFICINA', '', '2017-08-01', '2017-12-31'),
(850, '17.811.942-4', '2017-11-10 11:50:17', '13:30:00', '14:30:00', '', '', '', '', 'OFICINA', '', '2017-08-01', '2017-12-31'),
(851, '17.811.942-4', '2017-11-10 11:50:17', '14:30:00', '15:30:00', '', 'OFICINA', 'OFICINA', '', 'ATTE. ESTUDIANTES', '', '2017-08-01', '2017-12-31'),
(852, '17.811.942-4', '2017-11-10 11:50:17', '15:30:00', '16:30:00', 'ATTE. ESTUDIANTES', 'OFICINA', 'OFICINA', 'OFICINA', 'ATTE. ESTUDIANTES', '', '2017-08-01', '2017-12-31'),
(853, '17.811.942-4', '2017-11-10 11:50:17', '16:30:00', '17:30:00', 'ATTE. ESTUDIANTES', 'OFICINA', 'OFICINA', 'OFICINA', '', '', '2017-08-01', '2017-12-31'),
(854, '17.811.942-4', '2017-11-10 11:50:17', '17:30:00', '18:30:00', '', 'ATTE. ESTUDIANTES', 'ATTE. ESTUDIANTES', 'OFICINA', '', '', '2017-08-01', '2017-12-31'),
(855, '17.811.942-4', '2017-11-10 11:50:17', '18:30:00', '19:30:00', '', 'ATTE. ESTUDIANTES', 'ATTE. ESTUDIANTES', 'ATTE. ESTUDIANTES', '', '', '2017-08-01', '2017-12-31'),
(856, '17.811.942-4', '2017-11-10 11:50:17', '19:30:00', '20:30:00', '', '', '', 'ATTE. ESTUDIANTES', '', '', '2017-08-01', '2017-12-31'),
(857, '17.811.942-4', '2017-11-10 11:50:17', '20:30:00', '21:30:00', '', '', '', '', '', '', '2017-08-01', '2017-12-31'),
(858, '17.811.942-4', '2017-11-10 11:50:17', '21:30:00', '22:30:00', '', '', '', '', '', '', '2017-08-01', '2017-12-31'),
(859, '17.811.942-4', '2017-11-10 11:51:49', '08:30:00', '09:30:00', '', '', '', '', '', '', '2017-08-01', '2017-12-31'),
(860, '17.811.942-4', '2017-11-10 11:51:49', '09:30:00', '10:30:00', '', '', '', '', '', '', '2017-08-01', '2017-12-31'),
(861, '17.811.942-4', '2017-11-10 11:51:49', '10:30:00', '11:30:00', '', '', '', '', 'OFICINA', '', '2017-08-01', '2017-12-31'),
(862, '17.811.942-4', '2017-11-10 11:51:49', '11:30:00', '12:30:00', '', '', '', '', 'OFICINA', '', '2017-08-01', '2017-12-31'),
(863, '17.811.942-4', '2017-11-10 11:51:49', '12:30:00', '13:30:00', '', '', '', '', 'OFICINA', '', '2017-08-01', '2017-12-31'),
(864, '17.811.942-4', '2017-11-10 11:51:49', '13:30:00', '14:30:00', '', '', '', '', 'OFICINA', '', '2017-08-01', '2017-12-31'),
(865, '17.811.942-4', '2017-11-10 11:51:49', '14:30:00', '15:30:00', '', 'OFICINA', 'OFICINA', '', 'ATTE. ESTUDIANTES', '', '2017-08-01', '2017-12-31'),
(866, '17.811.942-4', '2017-11-10 11:51:49', '15:30:00', '16:30:00', 'ATTE. ESTUDIANTES', 'OFICINA', 'OFICINA', 'OFICINA', 'ATTE. ESTUDIANTES', '', '2017-08-01', '2017-12-31'),
(867, '17.811.942-4', '2017-11-10 11:51:49', '16:30:00', '17:30:00', 'ATTE. ESTUDIANTES', 'OFICINA', 'OFICINA', 'OFICINA', '', '', '2017-08-01', '2017-12-31'),
(868, '17.811.942-4', '2017-11-10 11:51:49', '17:30:00', '18:30:00', 'OFICINA', 'ATTE. ESTUDIANTES', 'ATTE. ESTUDIANTES', 'OFICINA', '', '', '2017-08-01', '2017-12-31'),
(869, '17.811.942-4', '2017-11-10 11:51:49', '18:30:00', '19:30:00', 'OFICINA', 'ATTE. ESTUDIANTES', 'ATTE. ESTUDIANTES', '', '', '', '2017-08-01', '2017-12-31'),
(870, '17.811.942-4', '2017-11-10 11:51:49', '19:30:00', '20:30:00', 'OFICINA', '', '', '', '', '', '2017-08-01', '2017-12-31'),
(871, '17.811.942-4', '2017-11-10 11:51:49', '20:30:00', '21:30:00', '', '', '', '', '', '', '2017-08-01', '2017-12-31'),
(872, '17.811.942-4', '2017-11-10 11:51:49', '21:30:00', '22:30:00', '', '', '', '', '', '', '2017-08-01', '2017-12-31'),
(887, '17.657.867-4', '2017-11-10 12:19:41', '08:30:00', '09:30:00', '', '', '', '', '', '', '2017-08-01', '2017-12-31'),
(888, '17.657.867-4', '2017-11-10 12:19:41', '09:30:00', '10:30:00', '', '', '', '', '', '', '2017-08-01', '2017-12-31'),
(889, '17.657.867-4', '2017-11-10 12:19:41', '10:30:00', '11:30:00', '', '', '', '', '', 'OFICINA', '2017-08-01', '2017-12-31'),
(890, '17.657.867-4', '2017-11-10 12:19:41', '11:30:00', '12:30:00', '', '', '', '', '', 'OFICINA', '2017-08-01', '2017-12-31'),
(891, '17.657.867-4', '2017-11-10 12:19:41', '12:30:00', '13:30:00', '', '', '', '', '', 'OFICINA', '2017-08-01', '2017-12-31'),
(892, '17.657.867-4', '2017-11-10 12:19:41', '13:30:00', '14:30:00', '', '', '', '', '', 'OFICINA', '2017-08-01', '2017-12-31'),
(893, '17.657.867-4', '2017-11-10 12:19:41', '14:30:00', '15:30:00', '', 'OFICINA', 'OFICINA', '', '', 'ATTE. ESTUDIANTES', '2017-08-01', '2017-12-31'),
(894, '17.657.867-4', '2017-11-10 12:19:41', '15:30:00', '16:30:00', 'ATTE. ESTUDIANTES', 'OFICINA', 'OFICINA', 'OFICINA', '', 'ATTE. ESTUDIANTES', '2017-08-01', '2017-12-31'),
(895, '17.657.867-4', '2017-11-10 12:19:41', '16:30:00', '17:30:00', 'ATTE. ESTUDIANTES', 'OFICINA', 'OFICINA', 'OFICINA', '', '', '2017-08-01', '2017-12-31'),
(896, '17.657.867-4', '2017-11-10 12:19:41', '17:30:00', '18:30:00', 'OFICINA', 'ATTE. ESTUDIANTES', 'ATTE. ESTUDIANTES', 'OFICINA', '', '', '2017-08-01', '2017-12-31'),
(897, '17.657.867-4', '2017-11-10 12:19:41', '18:30:00', '19:30:00', 'OFICINA', 'ATTE. ESTUDIANTES', 'ATTE. ESTUDIANTES', '', '', '', '2017-08-01', '2017-12-31'),
(898, '17.657.867-4', '2017-11-10 12:19:41', '19:30:00', '20:30:00', 'OFICINA', '', '', '', '', '', '2017-08-01', '2017-12-31'),
(899, '17.657.867-4', '2017-11-10 12:19:41', '20:30:00', '21:30:00', '', '', '', '', '', '', '2017-08-01', '2017-12-31'),
(900, '17.657.867-4', '2017-11-10 12:19:41', '21:30:00', '22:30:00', '', '', '', '', '', '', '2017-08-01', '2017-12-31'),
(901, '17.657.867-4', '2017-11-10 14:47:27', '08:30:00', '09:30:00', '', '', '', '', '', '', '2017-08-01', '2017-12-31'),
(902, '17.657.867-4', '2017-11-10 14:47:27', '09:30:00', '10:30:00', '', '', '', '', '', '', '2017-08-01', '2017-12-31'),
(903, '17.657.867-4', '2017-11-10 14:47:27', '10:30:00', '11:30:00', '', '', '', '', 'OFICINA', '', '2017-08-01', '2017-12-31'),
(904, '17.657.867-4', '2017-11-10 14:47:27', '11:30:00', '12:30:00', '', '', '', '', 'OFICINA', '', '2017-08-01', '2017-12-31'),
(905, '17.657.867-4', '2017-11-10 14:47:27', '12:30:00', '13:30:00', '', '', '', '', 'OFICINA', '', '2017-08-01', '2017-12-31'),
(906, '17.657.867-4', '2017-11-10 14:47:27', '13:30:00', '14:30:00', '', '', '', '', 'OFICINA', '', '2017-08-01', '2017-12-31'),
(907, '17.657.867-4', '2017-11-10 14:47:27', '14:30:00', '15:30:00', '', 'OFICINA', 'OFICINA', '', 'ATTE. ESTUDIANTES', '', '2017-08-01', '2017-12-31'),
(908, '17.657.867-4', '2017-11-10 14:47:27', '15:30:00', '16:30:00', 'ATTE. ESTUDIANTES', 'OFICINA', 'OFICINA', 'OFICINA', 'ATTE. ESTUDIANTES', '', '2017-08-01', '2017-12-31'),
(909, '17.657.867-4', '2017-11-10 14:47:27', '16:30:00', '17:30:00', 'ATTE. ESTUDIANTES', 'OFICINA', 'OFICINA', 'OFICINA', '', '', '2017-08-01', '2017-12-31'),
(910, '17.657.867-4', '2017-11-10 14:47:27', '17:30:00', '18:30:00', 'OFICINA', '', 'ATTE. ESTUDIANTES', 'OFICINA', '', '', '2017-08-01', '2017-12-31'),
(911, '17.657.867-4', '2017-11-10 14:47:27', '18:30:00', '19:30:00', 'OFICINA', '', 'ATTE. ESTUDIANTES', 'ATTE. ESTUDIANTES', '', '', '2017-08-01', '2017-12-31'),
(912, '17.657.867-4', '2017-11-10 14:47:27', '19:30:00', '20:30:00', 'OFICINA', '', '', 'ATTE. ESTUDIANTES', '', '', '2017-08-01', '2017-12-31'),
(913, '17.657.867-4', '2017-11-10 14:47:27', '20:30:00', '21:30:00', '', '', '', '', '', '', '2017-08-01', '2017-12-31'),
(914, '17.657.867-4', '2017-11-10 14:47:27', '21:30:00', '22:30:00', '', '', '', '', '', '', '2017-08-01', '2017-12-31'),
(915, '17.822.768-4', '2017-11-10 15:07:11', '08:30:00', '09:30:00', '', '', '', '', '', '', '2017-08-01', '2017-12-31'),
(916, '17.822.768-4', '2017-11-10 15:07:11', '09:30:00', '10:30:00', '', '', '', '', '', '', '2017-08-01', '2017-12-31'),
(917, '17.822.768-4', '2017-11-10 15:07:11', '10:30:00', '11:30:00', '', '', '', '', 'OFICINA', '', '2017-08-01', '2017-12-31'),
(918, '17.822.768-4', '2017-11-10 15:07:11', '11:30:00', '12:30:00', '', '', '', '', 'OFICINA', '', '2017-08-01', '2017-12-31'),
(919, '17.822.768-4', '2017-11-10 15:07:11', '12:30:00', '13:30:00', '', '', '', '', 'OFICINA', '', '2017-08-01', '2017-12-31'),
(920, '17.822.768-4', '2017-11-10 15:07:11', '13:30:00', '14:30:00', '', '', '', '', 'OFICINA', '', '2017-08-01', '2017-12-31'),
(921, '17.822.768-4', '2017-11-10 15:07:11', '14:30:00', '15:30:00', '', 'OFICINA', 'OFICINA', '', 'ATTE. ESTUDIANTES', '', '2017-08-01', '2017-12-31'),
(922, '17.822.768-4', '2017-11-10 15:07:11', '15:30:00', '16:30:00', 'OFICINA', 'OFICINA', 'OFICINA', 'OFICINA', 'ATTE. ESTUDIANTES', '', '2017-08-01', '2017-12-31'),
(923, '17.822.768-4', '2017-11-10 15:07:11', '16:30:00', '17:30:00', 'OFICINA', 'OFICINA', 'OFICINA', 'OFICINA', '', '', '2017-08-01', '2017-12-31'),
(924, '17.822.768-4', '2017-11-10 15:07:11', '17:30:00', '18:30:00', 'OFICINA', 'ATTE. ESTUDIANTES', 'ATTE. ESTUDIANTES', 'OFICINA', '', '', '2017-08-01', '2017-12-31'),
(925, '17.822.768-4', '2017-11-10 15:07:11', '18:30:00', '19:30:00', 'OFICINA', 'ATTE. ESTUDIANTES', 'ATTE. ESTUDIANTES', 'ATTE. ESTUDIANTES', '', '', '2017-08-01', '2017-12-31'),
(926, '17.822.768-4', '2017-11-10 15:07:11', '19:30:00', '20:30:00', 'OFICINA', '', '', 'ATTE. ESTUDIANTES', '', '', '2017-08-01', '2017-12-31'),
(927, '17.822.768-4', '2017-11-10 15:07:11', '20:30:00', '21:30:00', '', '', '', '', '', '', '2017-08-01', '2017-12-31'),
(928, '17.822.768-4', '2017-11-10 15:07:11', '21:30:00', '22:30:00', '', '', '', '', '', '', '2017-08-01', '2017-12-31'),
(929, '11.111.111-1', '2017-11-15 15:27:31', '08:30:00', '09:30:00', '', '', '', '', '', '', '2017-08-01', '2017-12-31'),
(930, '11.111.111-1', '2017-11-15 15:27:31', '09:30:00', '10:30:00', '', '', '', '', '', '', '2017-08-01', '2017-12-31'),
(931, '11.111.111-1', '2017-11-15 15:27:31', '10:30:00', '11:30:00', '', '', '', '', 'OFICINA', '', '2017-08-01', '2017-12-31'),
(932, '11.111.111-1', '2017-11-15 15:27:31', '11:30:00', '12:30:00', '', '', '', '', 'OFICINA', '', '2017-08-01', '2017-12-31'),
(933, '11.111.111-1', '2017-11-15 15:27:31', '12:30:00', '13:30:00', '', '', '', '', 'OFICINA', '', '2017-08-01', '2017-12-31'),
(934, '11.111.111-1', '2017-11-15 15:27:31', '13:30:00', '14:30:00', '', '', '', '', 'OFICINA', '', '2017-08-01', '2017-12-31'),
(935, '11.111.111-1', '2017-11-15 15:27:31', '14:30:00', '15:30:00', 'OFICINA', 'OFICINA', 'OFICINA', '', 'ATTE. ESTUDIANTES', '', '2017-08-01', '2017-12-31'),
(936, '11.111.111-1', '2017-11-15 15:27:31', '15:30:00', '16:30:00', 'ATTE. ESTUDIANTES', 'OFICINA', 'OFICINA', 'OFICINA', '', '', '2017-08-01', '2017-12-31'),
(937, '11.111.111-1', '2017-11-15 15:27:31', '16:30:00', '17:30:00', 'OFICINA', 'OFICINA', 'OFICINA', 'OFICINA', '', '', '2017-08-01', '2017-12-31'),
(938, '11.111.111-1', '2017-11-15 15:27:31', '17:30:00', '18:30:00', 'OFICINA', 'ATTE. ESTUDIANTES', 'ATTE. ESTUDIANTES', 'OFICINA', '', '', '2017-08-01', '2017-12-31'),
(939, '11.111.111-1', '2017-11-15 15:27:31', '18:30:00', '19:30:00', '', 'ATTE. ESTUDIANTES', 'ATTE. ESTUDIANTES', '', '', '', '2017-08-01', '2017-12-31'),
(940, '11.111.111-1', '2017-11-15 15:27:31', '19:30:00', '20:30:00', '', '', '', '', '', '', '2017-08-01', '2017-12-31'),
(941, '11.111.111-1', '2017-11-15 15:27:31', '20:30:00', '21:30:00', '', '', '', '', '', '', '2017-08-01', '2017-12-31'),
(942, '11.111.111-1', '2017-11-15 15:27:31', '21:30:00', '22:30:00', '', '', '', '', '', '', '2017-08-01', '2017-12-31'),
(943, '17.811.942-4', '2017-11-15 16:24:36', '08:30:00', '09:30:00', '', '', '', '', '', '', '2017-08-01', '2017-12-31'),
(944, '17.811.942-4', '2017-11-15 16:24:36', '09:30:00', '10:30:00', '', '', '', '', '', '', '2017-08-01', '2017-12-31'),
(945, '17.811.942-4', '2017-11-15 16:24:36', '10:30:00', '11:30:00', '', '', '', '', 'OFICINA', '', '2017-08-01', '2017-12-31'),
(946, '17.811.942-4', '2017-11-15 16:24:36', '11:30:00', '12:30:00', '', '', '', '', 'OFICINA', '', '2017-08-01', '2017-12-31'),
(947, '17.811.942-4', '2017-11-15 16:24:36', '12:30:00', '13:30:00', '', '', '', '', 'OFICINA', '', '2017-08-01', '2017-12-31'),
(948, '17.811.942-4', '2017-11-15 16:24:36', '13:30:00', '14:30:00', '', '', '', '', 'OFICINA', '', '2017-08-01', '2017-12-31'),
(949, '17.811.942-4', '2017-11-15 16:24:36', '14:30:00', '15:30:00', 'OFICINA', 'OFICINA', 'OFICINA', '', 'ATTE. ESTUDIANTES', '', '2017-08-01', '2017-12-31'),
(950, '17.811.942-4', '2017-11-15 16:24:36', '15:30:00', '16:30:00', 'ATTE. ESTUDIANTES', 'OFICINA', 'OFICINA', 'OFICINA', '', '', '2017-08-01', '2017-12-31'),
(951, '17.811.942-4', '2017-11-15 16:24:36', '16:30:00', '17:30:00', 'OFICINA', 'OFICINA', 'OFICINA', 'OFICINA', '', '', '2017-08-01', '2017-12-31'),
(952, '17.811.942-4', '2017-11-15 16:24:36', '17:30:00', '18:30:00', 'OFICINA', 'ATTE. ESTUDIANTES', 'ATTE. ESTUDIANTES', 'OFICINA', '', '', '2017-08-01', '2017-12-31'),
(953, '17.811.942-4', '2017-11-15 16:24:36', '18:30:00', '19:30:00', '', 'ATTE. ESTUDIANTES', 'ATTE. ESTUDIANTES', '', '', '', '2017-08-01', '2017-12-31'),
(954, '17.811.942-4', '2017-11-15 16:24:36', '19:30:00', '20:30:00', '', '', '', '', '', '', '2017-08-01', '2017-12-31'),
(955, '17.811.942-4', '2017-11-15 16:24:36', '20:30:00', '21:30:00', '', '', '', '', '', '', '2017-08-01', '2017-12-31'),
(956, '17.811.942-4', '2017-11-15 16:24:36', '21:30:00', '22:30:00', '', '', '', '', '', '', '2017-08-01', '2017-12-31'),
(957, '17.811.942-4', '2017-11-15 19:07:25', '08:30:00', '09:30:00', '', '', '', '', '', '', '2017-12-01', '2017-12-31'),
(958, '17.811.942-4', '2017-11-15 19:07:25', '09:30:00', '10:30:00', '', '', '', '', '', '', '2017-12-01', '2017-12-31'),
(959, '17.811.942-4', '2017-11-15 19:07:25', '10:30:00', '11:30:00', '', '', '', '', 'OFICINA', '', '2017-12-01', '2017-12-31'),
(960, '17.811.942-4', '2017-11-15 19:07:25', '11:30:00', '12:30:00', '', '', '', '', 'OFICINA', '', '2017-12-01', '2017-12-31'),
(961, '17.811.942-4', '2017-11-15 19:07:25', '12:30:00', '13:30:00', '', '', '', '', 'OFICINA', '', '2017-12-01', '2017-12-31'),
(962, '17.811.942-4', '2017-11-15 19:07:25', '13:30:00', '14:30:00', '', '', '', '', 'OFICINA', '', '2017-12-01', '2017-12-31'),
(963, '17.811.942-4', '2017-11-15 19:07:25', '14:30:00', '15:30:00', 'OFICINA', 'OFICINA', 'OFICINA', '', 'ATTE. ESTUDIANTES', '', '2017-12-01', '2017-12-31'),
(964, '17.811.942-4', '2017-11-15 19:07:25', '15:30:00', '16:30:00', 'ATTE. ESTUDIANTES', 'OFICINA', 'OFICINA', 'OFICINA', '', '', '2017-12-01', '2017-12-31'),
(965, '17.811.942-4', '2017-11-15 19:07:25', '16:30:00', '17:30:00', 'OFICINA', 'OFICINA', 'OFICINA', 'OFICINA', '', '', '2017-12-01', '2017-12-31'),
(966, '17.811.942-4', '2017-11-15 19:07:25', '17:30:00', '18:30:00', 'OFICINA', 'ATTE. ESTUDIANTES', 'ATTE. ESTUDIANTES', 'OFICINA', '', '', '2017-12-01', '2017-12-31'),
(967, '17.811.942-4', '2017-11-15 19:07:25', '18:30:00', '19:30:00', '', 'ATTE. ESTUDIANTES', 'ATTE. ESTUDIANTES', '', '', '', '2017-12-01', '2017-12-31'),
(968, '17.811.942-4', '2017-11-15 19:07:25', '19:30:00', '20:30:00', '', '', '', '', '', '', '2017-12-01', '2017-12-31'),
(969, '17.811.942-4', '2017-11-15 19:07:25', '20:30:00', '21:30:00', '', '', '', '', '', '', '2017-12-01', '2017-12-31'),
(970, '17.811.942-4', '2017-11-15 19:07:25', '21:30:00', '22:30:00', '', '', '', '', '', '', '2017-12-01', '2017-12-31'),
(971, '11.111.111-1', '2017-12-14 12:16:34', '08:30:00', '09:30:00', '', '', '', '', '', '', '2017-12-01', '2017-12-31'),
(972, '11.111.111-1', '2017-12-14 12:16:34', '09:30:00', '10:30:00', '', '', '', '', '', '', '2017-12-01', '2017-12-31'),
(973, '11.111.111-1', '2017-12-14 12:16:34', '10:30:00', '11:30:00', '', '', '', '', 'OFICINA', '', '2017-12-01', '2017-12-31'),
(974, '11.111.111-1', '2017-12-14 12:16:34', '11:30:00', '12:30:00', '', '', '', '', 'OFICINA', '', '2017-12-01', '2017-12-31'),
(975, '11.111.111-1', '2017-12-14 12:16:34', '12:30:00', '13:30:00', '', '', '', '', 'OFICINA', '', '2017-12-01', '2017-12-31'),
(976, '11.111.111-1', '2017-12-14 12:16:34', '13:30:00', '14:30:00', '', '', '', '', 'OFICINA', '', '2017-12-01', '2017-12-31'),
(977, '11.111.111-1', '2017-12-14 12:16:34', '14:30:00', '15:30:00', 'OFICINA', 'OFICINA', 'OFICINA', '', 'ATTE. ESTUDIANTES', '', '2017-12-01', '2017-12-31'),
(978, '11.111.111-1', '2017-12-14 12:16:34', '15:30:00', '16:30:00', 'ATTE. ESTUDIANTES', 'OFICINA', 'OFICINA', 'OFICINA', '', '', '2017-12-01', '2017-12-31'),
(979, '11.111.111-1', '2017-12-14 12:16:34', '16:30:00', '17:30:00', 'OFICINA', 'OFICINA', 'OFICINA', 'OFICINA', '', '', '2017-12-01', '2017-12-31'),
(980, '11.111.111-1', '2017-12-14 12:16:34', '17:30:00', '18:30:00', 'OFICINA', 'ATTE. ESTUDIANTES', 'ATTE. ESTUDIANTES', 'OFICINA', '', '', '2017-12-01', '2017-12-31'),
(981, '11.111.111-1', '2017-12-14 12:16:34', '18:30:00', '19:30:00', '', 'ATTE. ESTUDIANTES', 'ATTE. ESTUDIANTES', '', '', '', '2017-12-01', '2017-12-31'),
(982, '11.111.111-1', '2017-12-14 12:16:34', '19:30:00', '20:30:00', '', '', '', '', '', '', '2017-12-01', '2017-12-31'),
(983, '11.111.111-1', '2017-12-14 12:16:34', '20:30:00', '21:30:00', '', '', '', '', '', '', '2017-12-01', '2017-12-31'),
(984, '11.111.111-1', '2017-12-14 12:16:34', '21:30:00', '22:30:00', '', '', '', '', '', '', '2017-12-01', '2017-12-31'),
(985, '11.111.111-1', '2017-12-14 12:19:32', '08:30:00', '09:30:00', '', '', '', '', '', '', '2017-12-01', '2017-12-31'),
(986, '11.111.111-1', '2017-12-14 12:19:32', '09:30:00', '10:30:00', '', '', '', '', '', '', '2017-12-01', '2017-12-31'),
(987, '11.111.111-1', '2017-12-14 12:19:32', '10:30:00', '11:30:00', '', '', '', '', 'OFICINA', 'OFICINA', '2017-12-01', '2017-12-31'),
(988, '11.111.111-1', '2017-12-14 12:19:32', '11:30:00', '12:30:00', '', '', '', '', 'OFICINA', 'OFICINA', '2017-12-01', '2017-12-31'),
(989, '11.111.111-1', '2017-12-14 12:19:32', '12:30:00', '13:30:00', '', '', '', '', 'OFICINA', 'OFICINA', '2017-12-01', '2017-12-31'),
(990, '11.111.111-1', '2017-12-14 12:19:32', '13:30:00', '14:30:00', '', '', '', '', 'OFICINA', 'ATTE. ESTUDIANTES', '2017-12-01', '2017-12-31'),
(991, '11.111.111-1', '2017-12-14 12:19:32', '14:30:00', '15:30:00', 'OFICINA', 'OFICINA', 'OFICINA', '', 'ATTE. ESTUDIANTES', '', '2017-12-01', '2017-12-31'),
(992, '11.111.111-1', '2017-12-14 12:19:32', '15:30:00', '16:30:00', 'ATTE. ESTUDIANTES', 'OFICINA', 'OFICINA', 'OFICINA', '', '', '2017-12-01', '2017-12-31'),
(993, '11.111.111-1', '2017-12-14 12:19:32', '16:30:00', '17:30:00', 'OFICINA', 'OFICINA', 'OFICINA', 'OFICINA', '', '', '2017-12-01', '2017-12-31'),
(994, '11.111.111-1', '2017-12-14 12:19:32', '17:30:00', '18:30:00', 'OFICINA', 'ATTE. ESTUDIANTES', 'ATTE. ESTUDIANTES', 'OFICINA', '', '', '2017-12-01', '2017-12-31'),
(995, '11.111.111-1', '2017-12-14 12:19:32', '18:30:00', '19:30:00', '', 'ATTE. ESTUDIANTES', 'ATTE. ESTUDIANTES', '', '', '', '2017-12-01', '2017-12-31'),
(996, '11.111.111-1', '2017-12-14 12:19:32', '19:30:00', '20:30:00', '', '', '', '', '', '', '2017-12-01', '2017-12-31'),
(997, '11.111.111-1', '2017-12-14 12:19:32', '20:30:00', '21:30:00', '', '', '', '', '', '', '2017-12-01', '2017-12-31'),
(998, '11.111.111-1', '2017-12-14 12:19:32', '21:30:00', '22:30:00', '', '', '', '', '', '', '2017-12-01', '2017-12-31'),
(999, '17.811.942-4', '2018-07-27 09:16:00', '08:30:00', '09:30:00', '', '', '', '', '', '', '2018-08-01', '2018-12-31'),
(1000, '17.811.942-4', '2018-07-27 09:16:00', '09:30:00', '10:30:00', '', '', '', '', '', '', '2018-08-01', '2018-12-31'),
(1001, '17.811.942-4', '2018-07-27 09:16:00', '10:30:00', '11:30:00', '', '', '', '', '', 'OFICINA', '2018-08-01', '2018-12-31'),
(1002, '17.811.942-4', '2018-07-27 09:16:00', '11:30:00', '12:30:00', '', '', '', '', '', 'OFICINA', '2018-08-01', '2018-12-31'),
(1003, '17.811.942-4', '2018-07-27 09:16:00', '12:30:00', '13:30:00', '', '', '', '', '', 'OFICINA', '2018-08-01', '2018-12-31'),
(1004, '17.811.942-4', '2018-07-27 09:16:00', '13:30:00', '14:30:00', '', '', '', '', '', 'OFICINA', '2018-08-01', '2018-12-31'),
(1005, '17.811.942-4', '2018-07-27 09:16:00', '14:30:00', '15:30:00', 'OFICINA', 'OFICINA', 'OFICINA', '', '', 'ATTE. ESTUDIANTES', '2018-08-01', '2018-12-31'),
(1006, '17.811.942-4', '2018-07-27 09:16:00', '15:30:00', '16:30:00', 'ATTE. ESTUDIANTES', 'OFICINA', 'OFICINA', 'OFICINA', '', '', '2018-08-01', '2018-12-31'),
(1007, '17.811.942-4', '2018-07-27 09:16:00', '16:30:00', '17:30:00', 'OFICINA', 'OFICINA', 'OFICINA', 'OFICINA', '', '', '2018-08-01', '2018-12-31'),
(1008, '17.811.942-4', '2018-07-27 09:16:00', '17:30:00', '18:30:00', 'OFICINA', 'ATTE. ESTUDIANTES', 'ATTE. ESTUDIANTES', 'OFICINA', '', '', '2018-08-01', '2018-12-31'),
(1009, '17.811.942-4', '2018-07-27 09:16:00', '18:30:00', '19:30:00', '', 'ATTE. ESTUDIANTES', 'ATTE. ESTUDIANTES', '', '', '', '2018-08-01', '2018-12-31'),
(1010, '17.811.942-4', '2018-07-27 09:16:00', '19:30:00', '20:30:00', '', '', '', '', '', '', '2018-08-01', '2018-12-31'),
(1011, '17.811.942-4', '2018-07-27 09:16:00', '20:30:00', '21:30:00', '', '', '', '', '', '', '2018-08-01', '2018-12-31'),
(1012, '17.811.942-4', '2018-07-27 09:16:00', '21:30:00', '22:30:00', '', '', '', '', '', '', '2018-08-01', '2018-12-31'),
(1013, '17.657.867-4', '2018-07-27 10:26:32', '08:30:00', '09:30:00', '', '', '', '', '', '', '2018-07-27', '2018-07-27'),
(1014, '17.657.867-4', '2018-07-27 10:26:32', '09:30:00', '10:30:00', '', '', '', '', '', '', '2018-07-27', '2018-07-27'),
(1015, '17.657.867-4', '2018-07-27 10:26:32', '10:30:00', '11:30:00', '', '', '', '', '', 'OFICINA', '2018-07-27', '2018-07-27'),
(1016, '17.657.867-4', '2018-07-27 10:26:32', '11:30:00', '12:30:00', '', '', '', '', '', 'OFICINA', '2018-07-27', '2018-07-27'),
(1017, '17.657.867-4', '2018-07-27 10:26:32', '12:30:00', '13:30:00', '', '', '', '', '', 'OFICINA', '2018-07-27', '2018-07-27'),
(1018, '17.657.867-4', '2018-07-27 10:26:32', '13:30:00', '14:30:00', '', '', '', '', '', 'OFICINA', '2018-07-27', '2018-07-27'),
(1019, '17.657.867-4', '2018-07-27 10:26:32', '14:30:00', '15:30:00', 'OFICINA', 'OFICINA', 'OFICINA', '', '', 'ATTE. ESTUDIANTES', '2018-07-27', '2018-07-27'),
(1020, '17.657.867-4', '2018-07-27 10:26:32', '15:30:00', '16:30:00', 'ATTE. ESTUDIANTES', 'OFICINA', 'OFICINA', 'OFICINA', '', '', '2018-07-27', '2018-07-27'),
(1021, '17.657.867-4', '2018-07-27 10:26:32', '16:30:00', '17:30:00', 'OFICINA', 'OFICINA', 'OFICINA', 'OFICINA', '', '', '2018-07-27', '2018-07-27'),
(1022, '17.657.867-4', '2018-07-27 10:26:32', '17:30:00', '18:30:00', 'OFICINA', 'ATTE. ESTUDIANTES', 'ATTE. ESTUDIANTES', 'OFICINA', '', '', '2018-07-27', '2018-07-27'),
(1023, '17.657.867-4', '2018-07-27 10:26:32', '18:30:00', '19:30:00', '', 'ATTE. ESTUDIANTES', 'ATTE. ESTUDIANTES', '', '', '', '2018-07-27', '2018-07-27'),
(1024, '17.657.867-4', '2018-07-27 10:26:32', '19:30:00', '20:30:00', '', '', '', '', '', '', '2018-07-27', '2018-07-27'),
(1025, '17.657.867-4', '2018-07-27 10:26:32', '20:30:00', '21:30:00', '', '', '', '', '', '', '2018-07-27', '2018-07-27'),
(1026, '17.657.867-4', '2018-07-27 10:26:32', '21:30:00', '22:30:00', '', '', '', '', '', '', '2018-07-27', '2018-07-27');

-- --------------------------------------------------------

--
-- Estructura de tabla para la tabla `mantenedores`
--

CREATE TABLE `mantenedores` (
  `id_man` int(11) NOT NULL,
  `nombre_man` varchar(30) COLLATE utf8mb4_spanish_ci NOT NULL
) ENGINE=InnoDB DEFAULT CHARSET=utf8mb4 COLLATE=utf8mb4_spanish_ci;

--
-- Volcado de datos para la tabla `mantenedores`
--

INSERT INTO `mantenedores` (`id_man`, `nombre_man`) VALUES
(1, 'Administrar Horarios'),
(2, 'Agendar Citas'),
(3, 'Consultar Citas'),
(4, 'Porcentaje de Citas'),
(5, 'Tipos de Cuenta'),
(6, 'Registro de Usuarios'),
(7, 'Administrar Usuarios'),
(8, 'Consultar Horarios'),
(9, ' Porcentaje de Citas Ad.'),
(10, 'Agendar Citas Ad'),
(11, 'Administrar Horarios Ad.'),
(12, 'Consultar Horarios Ad');

-- --------------------------------------------------------

--
-- Estructura de tabla para la tabla `mantenedores_cuenta`
--

CREATE TABLE `mantenedores_cuenta` (
  `id_mc` int(11) NOT NULL,
  `id_tip` int(11) NOT NULL,
  `id_man` int(11) NOT NULL
) ENGINE=InnoDB DEFAULT CHARSET=utf8mb4 COLLATE=utf8mb4_spanish_ci;

--
-- Volcado de datos para la tabla `mantenedores_cuenta`
--

INSERT INTO `mantenedores_cuenta` (`id_mc`, `id_tip`, `id_man`) VALUES
(2, 1, 1),
(3, 1, 4),
(17, 1, 8),
(1, 2, 3),
(4, 6, 2),
(9, 9, 5),
(10, 9, 6),
(11, 9, 7),
(13, 9, 9),
(14, 9, 10),
(15, 9, 11),
(16, 9, 12);

-- --------------------------------------------------------

--
-- Estructura de tabla para la tabla `motivos_citas`
--

CREATE TABLE `motivos_citas` (
  `id_mot` int(11) NOT NULL,
  `descripcion_mot` varchar(40) COLLATE utf8_spanish_ci NOT NULL
) ENGINE=InnoDB DEFAULT CHARSET=utf8 COLLATE=utf8_spanish_ci;

--
-- Volcado de datos para la tabla `motivos_citas`
--

INSERT INTO `motivos_citas` (`id_mot`, `descripcion_mot`) VALUES
(1, 'Continuidad de Estudios'),
(2, 'Cambio de Carrera'),
(3, 'Problemas de Asistencia'),
(4, 'Problemas con Modulos'),
(5, 'Reclamos'),
(6, 'Proceso de Practica y Titulación ');

-- --------------------------------------------------------

--
-- Estructura de tabla para la tabla `sucursales`
--

CREATE TABLE `sucursales` (
  `id_suc` int(11) NOT NULL,
  `nombre_suc` varchar(25) COLLATE utf8mb4_spanish_ci NOT NULL
) ENGINE=InnoDB DEFAULT CHARSET=utf8mb4 COLLATE=utf8mb4_spanish_ci;

--
-- Volcado de datos para la tabla `sucursales`
--

INSERT INTO `sucursales` (`id_suc`, `nombre_suc`) VALUES
(1, 'Calama'),
(2, 'Antofagasta'),
(3, 'La Serena'),
(4, 'San Felipe'),
(5, 'Viña del Mar'),
(6, 'Valparaíso'),
(7, 'Bellavista'),
(8, 'San Joaqín'),
(9, 'Santiago Norte'),
(10, 'Barrio Universitario'),
(11, 'Maipú'),
(12, 'Providencia'),
(13, 'Rancagua'),
(14, 'San Fernando'),
(15, 'Curicó'),
(16, 'Talca'),
(17, 'Concepción'),
(18, 'Los Ángeles '),
(19, 'Temuco'),
(20, 'Osorno'),
(21, 'Puerto Montt');

-- --------------------------------------------------------

--
-- Estructura de tabla para la tabla `tipo_cuenta`
--

CREATE TABLE `tipo_cuenta` (
  `id_tip` int(11) NOT NULL,
  `descripcion_tip` varchar(30) COLLATE utf8_spanish_ci NOT NULL
) ENGINE=InnoDB DEFAULT CHARSET=utf8 COLLATE=utf8_spanish_ci;

--
-- Volcado de datos para la tabla `tipo_cuenta`
--

INSERT INTO `tipo_cuenta` (`id_tip`, `descripcion_tip`) VALUES
(1, 'Director Académico'),
(2, 'Jefe de Carrera'),
(6, 'Asistente SAE'),
(7, 'Docente'),
(8, 'Coordinador de Carrera'),
(9, 'Administrador');

-- --------------------------------------------------------

--
-- Estructura de tabla para la tabla `usuarios`
--

CREATE TABLE `usuarios` (
  `rut_usu` varchar(12) COLLATE utf8_spanish_ci NOT NULL,
  `nombre_usu` varchar(30) COLLATE utf8_spanish_ci NOT NULL,
  `pnombre` varchar(25) COLLATE utf8_spanish_ci NOT NULL,
  `snombre` varchar(25) COLLATE utf8_spanish_ci NOT NULL,
  `apellido_pa` varchar(25) COLLATE utf8_spanish_ci NOT NULL,
  `apellido_ma` varchar(25) COLLATE utf8_spanish_ci NOT NULL,
  `fono_usu` int(11) NOT NULL,
  `correo_usu` varchar(40) COLLATE utf8_spanish_ci NOT NULL,
  `pass_usu` varchar(30) COLLATE utf8_spanish_ci NOT NULL,
  `id_tip` int(11) NOT NULL,
  `id_suc` int(11) NOT NULL,
  `estado` varchar(20) COLLATE utf8_spanish_ci NOT NULL
) ENGINE=InnoDB DEFAULT CHARSET=utf8 COLLATE=utf8_spanish_ci;

--
-- Volcado de datos para la tabla `usuarios`
--

INSERT INTO `usuarios` (`rut_usu`, `nombre_usu`, `pnombre`, `snombre`, `apellido_pa`, `apellido_ma`, `fono_usu`, `correo_usu`, `pass_usu`, `id_tip`, `id_suc`, `estado`) VALUES
('11.111.111-1', 'DANIELA.PEREZRO', 'Daniela', 'Alejandra', 'Perez', 'Rodriguez', 998898899, 'daniela.perezro@gmail.com', '123', 9, 2, 'Activada'),
('11.898.813-2', 'HECTOR.ORELLANASO', 'Hector', 'Rene', 'Orellana', 'Solar', 988776554, 'hector.orellanaso@gmail.com', '123', 6, 17, 'Activada'),
('15.811.952-4', 'ALEXANDER.SUPERTRAMP', 'Christopher ', 'Johnson', 'Johnson', 'McCandless', 985567745, 'alexander.sup@gmail.com', 'a123', 9, 10, 'Activada'),
('17.657.867-4', 'ALEJANDRO.MOLINA', 'Alejandro', 'Gonzalo', 'Molina', 'Ramires ', 978546734, 'cristianootj@gmail.com', '123', 2, 17, 'Activada'),
('17.811.942-4', 'PABLO.AZOCARAL', 'Pablo', 'Alejandro', 'Azocar', 'Alarcon', 968976789, 'pablo.azocar.alarcon@aiep.cl', '123', 2, 17, 'Activada'),
('17.822.768-4', 'MARIA.MUÑOZNU', 'Maria', 'Mercedes', 'Muñoz', 'Nuñez', 94445852, 'mariamuñoznu@gmail.com', '123', 2, 10, 'Activada'),
('18.811.942-5', 'CRISTIAN.ORELLANAMU', 'Cristian', 'Gerardo', 'Orellana', 'Muñoz', 1985586, 'crist@gmail.com', '123', 9, 17, 'Activada'),
('18.814.246-k', 'SEBASTIAN.FRAN', 'Sebastian', 'Eduardo', 'Francesconi', 'Estuardo', 456821355, 'toko.francesconi@gmail.com', '123', 6, 10, 'Activada'),
('18.844.956-4', 'LORETO.RAMIRESMA', 'Loreto', 'Sofia', 'Ramires', 'Martines', 995626545, 'loreto.rami@gmail.com', '123', 1, 17, 'Activada');

--
-- Índices para tablas volcadas
--

--
-- Indices de la tabla `citas`
--
ALTER TABLE `citas`
  ADD PRIMARY KEY (`id_ci`),
  ADD KEY `rut_usu` (`rut_usu`),
  ADD KEY `rut_estu` (`rut_estu`),
  ADD KEY `id_mot` (`id_mot`),
  ADD KEY `id_suc` (`id_suc`);

--
-- Indices de la tabla `estudiantes`
--
ALTER TABLE `estudiantes`
  ADD PRIMARY KEY (`rut_estu`);

--
-- Indices de la tabla `horario`
--
ALTER TABLE `horario`
  ADD PRIMARY KEY (`id_hr`),
  ADD KEY `rut_usu` (`rut_usu`),
  ADD KEY `rut_usu_2` (`rut_usu`),
  ADD KEY `rut_usu_3` (`rut_usu`);

--
-- Indices de la tabla `mantenedores`
--
ALTER TABLE `mantenedores`
  ADD PRIMARY KEY (`id_man`);

--
-- Indices de la tabla `mantenedores_cuenta`
--
ALTER TABLE `mantenedores_cuenta`
  ADD PRIMARY KEY (`id_mc`),
  ADD KEY `id_tip` (`id_tip`,`id_man`),
  ADD KEY `id_man` (`id_man`);

--
-- Indices de la tabla `motivos_citas`
--
ALTER TABLE `motivos_citas`
  ADD PRIMARY KEY (`id_mot`);

--
-- Indices de la tabla `sucursales`
--
ALTER TABLE `sucursales`
  ADD PRIMARY KEY (`id_suc`);

--
-- Indices de la tabla `tipo_cuenta`
--
ALTER TABLE `tipo_cuenta`
  ADD PRIMARY KEY (`id_tip`);

--
-- Indices de la tabla `usuarios`
--
ALTER TABLE `usuarios`
  ADD PRIMARY KEY (`rut_usu`),
  ADD KEY `id_tip` (`id_tip`),
  ADD KEY `id_suc` (`id_suc`);

--
-- AUTO_INCREMENT de las tablas volcadas
--

--
-- AUTO_INCREMENT de la tabla `citas`
--
ALTER TABLE `citas`
  MODIFY `id_ci` int(11) NOT NULL AUTO_INCREMENT, AUTO_INCREMENT=34;

--
-- AUTO_INCREMENT de la tabla `horario`
--
ALTER TABLE `horario`
  MODIFY `id_hr` int(11) NOT NULL AUTO_INCREMENT, AUTO_INCREMENT=1027;

--
-- AUTO_INCREMENT de la tabla `mantenedores`
--
ALTER TABLE `mantenedores`
  MODIFY `id_man` int(11) NOT NULL AUTO_INCREMENT, AUTO_INCREMENT=13;

--
-- AUTO_INCREMENT de la tabla `mantenedores_cuenta`
--
ALTER TABLE `mantenedores_cuenta`
  MODIFY `id_mc` int(11) NOT NULL AUTO_INCREMENT, AUTO_INCREMENT=18;

--
-- AUTO_INCREMENT de la tabla `motivos_citas`
--
ALTER TABLE `motivos_citas`
  MODIFY `id_mot` int(11) NOT NULL AUTO_INCREMENT, AUTO_INCREMENT=7;

--
-- AUTO_INCREMENT de la tabla `sucursales`
--
ALTER TABLE `sucursales`
  MODIFY `id_suc` int(11) NOT NULL AUTO_INCREMENT, AUTO_INCREMENT=22;

--
-- AUTO_INCREMENT de la tabla `tipo_cuenta`
--
ALTER TABLE `tipo_cuenta`
  MODIFY `id_tip` int(11) NOT NULL AUTO_INCREMENT, AUTO_INCREMENT=10;

--
-- Restricciones para tablas volcadas
--

--
-- Filtros para la tabla `citas`
--
ALTER TABLE `citas`
  ADD CONSTRAINT `citas_ibfk_1` FOREIGN KEY (`rut_usu`) REFERENCES `usuarios` (`rut_usu`),
  ADD CONSTRAINT `citas_ibfk_2` FOREIGN KEY (`rut_estu`) REFERENCES `estudiantes` (`rut_estu`),
  ADD CONSTRAINT `citas_ibfk_3` FOREIGN KEY (`id_suc`) REFERENCES `sucursales` (`id_suc`),
  ADD CONSTRAINT `citas_ibfk_4` FOREIGN KEY (`id_mot`) REFERENCES `motivos_citas` (`id_mot`);

--
-- Filtros para la tabla `horario`
--
ALTER TABLE `horario`
  ADD CONSTRAINT `horario_ibfk_1` FOREIGN KEY (`rut_usu`) REFERENCES `usuarios` (`rut_usu`);

--
-- Filtros para la tabla `mantenedores_cuenta`
--
ALTER TABLE `mantenedores_cuenta`
  ADD CONSTRAINT `mantenedores_cuenta_ibfk_1` FOREIGN KEY (`id_man`) REFERENCES `mantenedores` (`id_man`),
  ADD CONSTRAINT `mantenedores_cuenta_ibfk_2` FOREIGN KEY (`id_tip`) REFERENCES `tipo_cuenta` (`id_tip`);

--
-- Filtros para la tabla `usuarios`
--
ALTER TABLE `usuarios`
  ADD CONSTRAINT `usuarios_ibfk_1` FOREIGN KEY (`id_tip`) REFERENCES `tipo_cuenta` (`id_tip`),
  ADD CONSTRAINT `usuarios_ibfk_2` FOREIGN KEY (`id_suc`) REFERENCES `sucursales` (`id_suc`);
COMMIT;

/*!40101 SET CHARACTER_SET_CLIENT=@OLD_CHARACTER_SET_CLIENT */;
/*!40101 SET CHARACTER_SET_RESULTS=@OLD_CHARACTER_SET_RESULTS */;
/*!40101 SET COLLATION_CONNECTION=@OLD_COLLATION_CONNECTION */;
